{
    "cam_calibration": {
        "dist": [
            [
                -0.3602937179452024,
                0.11684797384749564,
                -0.0010786909381272482,
                0.0024646541532402835,
                -0.014043239905853142
            ]
        ],
        "mtx": [
            [
                480.67378724520836,
                0.0,
                311.9163339901102
            ],
            [
                0.0,
                481.83352318343276,
                195.9778973557435
            ],
            [
                0.0,
                0.0,
                1.0
            ]
        ]
    },
    "pos_calibration": {
        "T": [
            [
                -5.9719473672581446e-05,
                -0.0008972412182991423,
                -0.21035831531224236
            ],
            [
                -0.0008526410273365927,
                -4.975529633087539e-05,
                0.04573330380549862
            ],
            [
                0.00015663144691414543,
                0.00019239507320318585,
                1.0
            ]
        ],
        "U_vector": [
            [
                291.09539794921875,
                241.3106689453125
            ],
            [
                288.4002685546875,
                85.76148986816406
            ],
            [
                479.47064208984375,
                237.87879943847656
            ],
            [
                472.9981384277344,
                77.78532409667969
            ]
        ],
        "distRatio": 0.0007331308010869795
    }
}